firstname1,lastname1
firstname2,lastname2
firstname3,lastname3
firstname4,lastname4
firstname5,lastname5
firstname6,lastname6
firstname7,lastname7
firstname8,lastname8
firstname9,lastname9
firstname10,lastname10
firstname11,lastname11
firstname12,lastname12
firstname13,lastname13
firstname14,lastname14
firstname15,lastname15
firstname16,lastname16
firstname17,lastname17
firstname18,lastname18
firstname19,lastname19
firstname20,lastname20
firstname21,lastname21
firstname22,lastname22
firstname23,lastname23
firstname24,lastname24
firstname25,lastname25
firstname26,lastname26
firstname27,lastname27
firstname28,lastname28
firstname29,lastname29
firstname30,lastname30
